RA,Dec,i,S 24 (μJy),S 250 (mJy),S 350 (mJy),S 500 (mJy),Z phot,Type,Chi,n bands,Z subm,Z comb,M * log(M sol.),SFR log(M sol. yr−1)
159.03456,58.44533,21.37,1127.8,131.6,84.2,42.2,1.44,Scd,4.8,4,1.16,1.19,11.62,3.89
35.28232,-4.149,g = 25.31,636.1,53.7,58.3,55.1,3.27,Sab,2.4,4,3.84,2.8,11.28,3.7
35.28037,-4.14839,,,,,,2.55,,,,,,,3.59
160.50839,58.67179,23.49,904.6,95.7,79.5,60.5,3.81,Sab,4.1,6,2.86,3.07,12.02,3.99
160.51041,58.67371,,,,,,1.08,,,,,,,3.05
36.59817,-4.56164,25.11,389.5,59.3,67.2,54.7,3.88,Sab,2.1,5,3.53,3.68,11.49,3.85
161.98271,58.07477,22.1,264.4,44.2,45.3,33.6,4.13,sb,25.4,6,3.15,3.68,11.87,3.76